<?xml version="1.0" encoding="utf-8"?>
<androidx.constraintlayout.widget.ConstraintLayout
    xmlns:android="http://schemas.android.com/apk/res/android"
    xmlns:app    ="http://schemas.android.com/apk/res-auto"
    xmlns:tools  ="http://schemas.android.com/tools"

    android:layout_width ="match_parent"
    android:layout_height="match_parent"

    tools:context=".MainActivity">

    <!-- Guias verticais -->
    <!-- 50% -->
    <androidx.constraintlayout.widget.Guideline
        android:id           ="@+id/guide_center_vert"
        android:layout_width ="wrap_content"
        android:layout_height="wrap_content"
        android:orientation  ="vertical"
        app:layout_constraintGuide_percent="0.5" />
    <!-- 33% -->
    <androidx.constraintlayout.widget.Guideline
        android:id           ="@+id/guide_umTerco_esq"
        android:layout_width ="wrap_content"
        android:layout_height="wrap_content"
        android:orientation  ="vertical"
        app:layout_constraintGuide_percent="0.33" />
    <!-- 66% -->
    <androidx.constraintlayout.widget.Guideline
        android:id           ="@+id/guide_umTerco_dir"
        android:layout_width ="wrap_content"
        android:layout_height="wrap_content"
        android:orientation  ="vertical"
        app:layout_constraintGuide_percent="0.66" />

    <!-- Guias horizontais -->
    <!-- 50% -->
    <androidx.constraintlayout.widget.Guideline

        android:id           ="@+id/guide_center_horiz"
        android:layout_width ="wrap_content"
        android:layout_height="wrap_content"
        android:orientation  ="horizontal"
        app:layout_constraintGuide_percent="0.5" />

    <!-- 2- Presets -->
    <LinearLayout android:id= "@+id/area_presets"
        android:layout_width ="match_parent"
        android:layout_height="0dp"

        app:layout_constraintTop_toTopOf    ="parent"
        app:layout_constraintBottom_toTopOf ="@id/guide_center_horiz"

        android:orientation="horizontal">

        <!--- Grupo de radio buttons para escolha da linha -->
        <RadioGroup android:id ="@+id/grpRBLinhas"
            android:layout_width ="wrap_content"
            android:layout_height="wrap_content"

            android:layout_marginLeft="@dimen/RB_MargemEsquerda"
            android:layout_marginTop ="@dimen/RB_MargemTop"

            android:checkedButton="@+id/linha_1"
            android:gravity      ="center_vertical"
            android:orientation  ="vertical">

            <RadioButton android:id="@+id/linha_1"
                android:layout_width ="wrap_content"
                android:layout_height="@dimen/RB_Altura"
                android:text = "1"/>

            <RadioButton android:id ="@+id/linha_2"
                android:layout_width ="wrap_content"
                android:layout_height="@dimen/RB_Altura"
                android:text= "2" />

            <RadioButton android:id="@+id/linha_3"
                android:layout_width ="wrap_content"
                android:layout_height="@dimen/RB_Altura"
                android:text= "3"/>

            <RadioButton android:id ="@+id/linha_4"
                android:layout_width ="wrap_content"
                android:layout_height="@dimen/RB_Altura"
                android:text= "4" />

            <RadioButton android:id="@+id/linha_5"
                android:layout_width ="wrap_content"
                android:layout_height="@dimen/RB_Altura"
                android:text= "5"/>

            <RadioButton android:id ="@+id/linha_6"
                android:layout_width ="wrap_content"
                android:layout_height="@dimen/RB_Altura"
                android:text= "6" />

            <RadioButton android:id="@+id/linha_7"
                android:layout_width ="wrap_content"
                android:layout_height="@dimen/RB_Altura"
                android:text= "7"/>

            <RadioButton android:id ="@+id/linha_8"
                android:layout_width ="wrap_content"
                android:layout_height="@dimen/RB_Altura"
                android:text = "8" />

            <RadioButton android:id ="@+id/linha_9"
                android:layout_width ="wrap_content"
                android:layout_height="@dimen/RB_Altura"
                android:text ="9" />

        </RadioGroup>

        <!--- Quadros para editar os valores contidos nas células -->
        <LinearLayout

            android:layout_width ="wrap_content"
            android:layout_height="wrap_content"

            android:orientation="vertical" >

            <EditText android:id="@+id/etv_l1"
                android:layout_width ="wrap_content"
                android:layout_height="@dimen/TV_Altura"

                android:layout_marginStart="@dimen/RB_MargemEsquerda"

                android:inputType="numberDecimal"
                android:textSize ="@dimen/TV_TamanhoTexto"
                android:text     ="@string/linhaZerada" />

            <EditText android:id="@+id/etv_l2"
                android:layout_height="@dimen/TV_Altura"
                android:layout_width ="wrap_content"

                android:layout_marginStart="@dimen/RB_MargemEsquerda"

                android:inputType="numberDecimal"
                android:textSize ="@dimen/TV_TamanhoTexto"
                android:text     ="@string/linhaZerada" />

            <EditText android:id="@+id/etv_l3"
                android:layout_height="45dp"
                android:layout_width ="wrap_content"

                android:layout_marginStart="@dimen/RB_MargemEsquerda"

                android:inputType="numberDecimal"
                android:textSize ="@dimen/TV_TamanhoTexto"
                android:text     ="@string/linhaZerada" />

            <EditText android:id="@+id/etv_l4"
                android:layout_height="wrap_content"
                android:layout_width ="wrap_content"

                android:layout_marginStart="@dimen/RB_MargemEsquerda"
                android:layout_marginTop  ="@dimen/TV_MargemTop2"

                android:inputType="numberDecimal"
                android:textSize ="@dimen/TV_TamanhoTexto"
                android:text     ="@string/linhaZerada" />

            <EditText android:id="@+id/etv_l5"
                android:layout_height="wrap_content"
                android:layout_width ="wrap_content"

                android:layout_marginStart="@dimen/RB_MargemEsquerda"
                android:layout_marginTop ="@dimen/TV_MargemTop2"

                android:inputType="numberDecimal"
                android:textSize ="@dimen/TV_TamanhoTexto"
                android:text     ="@string/linhaZerada" />

            <EditText android:id="@+id/etv_l6"
                android:layout_height="wrap_content"
                android:layout_width ="wrap_content"

                android:layout_marginLeft="@dimen/RB_MargemEsquerda"
                android:layout_marginTop ="@dimen/TV_MargemTop2"

                android:inputType="numberDecimal"
                android:textSize ="@dimen/TV_TamanhoTexto"
                android:text     ="@string/linhaZerada" />

            <EditText android:id="@+id/etv_l7"
                android:layout_height="wrap_content"
                android:layout_width ="wrap_content"

                android:layout_marginStart="@dimen/RB_MargemEsquerda"
                android:layout_marginTop  ="@dimen/TV_MargemTop2"

                android:inputType="numberDecimal"
                android:textSize ="@dimen/TV_TamanhoTexto"
                android:text     ="@string/linhaZerada" />

            <EditText android:id="@+id/etv_l8"
                android:layout_height="wrap_content"
                android:layout_width ="wrap_content"

                android:layout_marginStart="@dimen/RB_MargemEsquerda"
                android:layout_marginTop  ="@dimen/TV_MargemTop2"

                android:inputType="numberDecimal"
                android:textSize ="@dimen/TV_TamanhoTexto"
                android:text     ="@string/linhaZerada" />

            <EditText android:id="@+id/etv_l9"
                android:layout_height="wrap_content"
                android:layout_width ="wrap_content"

                android:layout_marginStart="@dimen/RB_MargemEsquerda"
                android:layout_marginTop  ="@dimen/TV_MargemTop2"

                android:inputType="numberDecimal"
                android:textSize ="@dimen/TV_TamanhoTexto"
                android:text     ="@string/linhaZerada" />

        </LinearLayout>


    </LinearLayout>

    <!-- Separador entre preset e resultados -->
    <View
        android:id="@+id/separador_preset_resultados"
        android:layout_width="match_parent"
        android:layout_height="1dp"

        android:background="@android:color/darker_gray"
        app:layout_constraintBottom_toTopOf="@id/srcTextScrollView"

        app:layout_constraintTop_toBottomOf="@id/guide_center_horiz" />

    <!-- 3- Textview com scrolling -->
    <ScrollView
        android:id="@+id/srcTextScrollView"

        android:layout_width="match_parent"
        android:layout_height="0dp"

        android:fillViewport="true"
        android:scrollbars="vertical"

        app:layout_constraintBottom_toTopOf="@id/btn_AdaptarJogo"
        app:layout_constraintTop_toBottomOf="@id/guide_center_horiz"
        app:layout_constraintVertical_bias ="1.0"
        tools:layout_editor_absoluteX      ="-1dp">

        <TextView
            android:id="@+id/txtJogos"

            android:layout_width      ="match_parent"

            android:layout_height     ="wrap_content"
            android:layout_marginStart="10dp"

            android:layout_marginEnd   ="10dp"
            android:layout_marginBottom="0dp"

            android:textSize="20sp"
            app:layout_constraintEnd_toEndOf    ="parent"
            app:layout_constraintStart_toStartOf="parent"
            app:layout_constraintTop_toBottomOf ="@id/guide_center_horiz" />

    </ScrollView>

    <!-- Separador entre resultados e botões -->
    <View
        android:id           ="@+id/separador_resultados_botões"
        android:layout_width ="match_parent"
        android:layout_height="1dp"

        app:layout_constraintTop_toBottomOf="@id/srcTextScrollView"

        android:background   ="@android:color/darker_gray"
        tools:ignore="MissingConstraints" />

    <!-- 4- Botões -->
    <Button android:id="@+id/btn_GerarJogo"

        android:layout_width ="@dimen/WidthBotao"
        android:layout_height="@dimen/HeightBotao"

        app:layout_constraintStart_toStartOf  ="parent"
        app:layout_constraintEnd_toEndOf      ="@id/guide_umTerco_esq"
        app:layout_constraintBottom_toBottomOf="parent"

        android:layout_marginEnd  ="@dimen/MargemDireita"
        android:layout_marginStart="@dimen/MargemEsquerda"

        android:textColor ="@android:color/white"

        android:textAlignment="center"
        android:textAllCaps  ="false"
        android:textSize     ="@dimen/TamanhoTxt"
        android:text         ="@string/gera_novo_jogo"

        android:onClick      ="btnGeraJogoClick" />

    <Button android:id="@+id/btn_AdaptarJogo"

        android:layout_width ="@dimen/WidthBotao"
        android:layout_height="@dimen/HeightBotao"

        android:layout_marginEnd  ="@dimen/MargemDireita"
        android:layout_marginStart="@dimen/MargemEsquerda"

        app:layout_constraintStart_toEndOf    ="@id/guide_umTerco_esq"
        app:layout_constraintEnd_toEndOf      ="@id/guide_umTerco_dir"
        app:layout_constraintBottom_toBottomOf="parent"

        android:textColor    ="@android:color/white"
        android:textAlignment="center"
        android:textAllCaps  ="false"
        android:textSize     ="@dimen/TamanhoTxt"
        android:text         ="@string/adaptar_jogo"

        android:onClick="btnAdaptaJogoClick"/>

    <Button android:id="@+id/btn_JogarJogo"

        android:layout_width ="@dimen/WidthBotao"
        android:layout_height="@dimen/HeightBotao"

        android:layout_marginEnd  ="@dimen/MargemDireita"
        android:layout_marginStart="@dimen/MargemEsquerda"

        app:layout_constraintStart_toEndOf    ="@id/guide_umTerco_dir"
        app:layout_constraintEnd_toEndOf      ="parent"
        app:layout_constraintBottom_toBottomOf="parent"

        android:textColor    ="@android:color/white"
        android:textAlignment="center"
        android:textAllCaps  ="false"
        android:textSize     ="@dimen/TamanhoTxt"
        android:text         ="@string/jogar_jogo"

        android:onClick="btnJogaJogoClick"/>

</androidx.constraintlayout.widget.ConstraintLayout>