<?xml version="1.0" encoding="utf-8"?><presets><header><id>3</id><nivel>Difícil</nivel><subnivel>3</subnivel></header><body><linha0>0, 0, 3, 5, 0, 0, 4, 9, 0</linha0><linha1>7, 6, 0, 0, 0, 0, 5, 0, 1</linha1><linha2>0, 5, 4, 0, 7, 3, 6, 0, 8</linha2><linha3>0, 1, 0, 0, 0, 0, 3, 0, 0</linha3><linha4>0, 0, 7, 2, 6, 1, 0, 0, 0</linha4><linha5>2, 0, 6, 0, 9, 0, 0, 1, 4</linha5><linha6>6, 3, 2, 8, 5, 0, 0, 0, 0</linha6><linha7>4, 0, 0, 0, 0, 2, 8, 0, 6</linha7><linha8>8, 0, 5, 0, 0, 7, 2, 0, 0</linha8></body><jogos><id>1</id><dataHora>22/12/2021 18:42:57</dataHora><tempoJogo>00:00</tempoJogo><erros>0</erros><status>ativo</status></jogos></presets