<?xml version="1.0" encoding="utf-8"?><presets><header><id>3</id><nivel>Médio</nivel><subnivel>2</subnivel></header><body><linha0>0, 0, 4, 6, 0, 5, 8, 0, 0</linha0><linha1>6, 5, 0, 0, 8, 0, 0, 0, 0</linha1><linha2>0, 0, 8, 0, 4, 7, 6, 0, 5</linha2><linha3>2, 8, 0, 3, 5, 6, 0, 0, 0</linha3><linha4>7, 4, 0, 0, 0, 8, 2, 5, 6</linha4><linha5>5, 6, 0, 4, 7, 2, 9, 0, 8</linha5><linha6>8, 2, 5, 7, 0, 4, 3, 6, 0</linha6><linha7>4, 3, 6, 5, 2, 0, 0, 8, 0</linha7><linha8>0, 0, 0, 8, 6, 3, 5, 4, 2</linha8></body><jogos><id>1</id><dataHora>22/12/2021 18:30:40</dataHora><tempoJogo>04:50</tempoJogo><erros>1</erros><status>finalizado</status></jogos></presets